Albergo,Boscolo Hotel Exedra,Cso Matteotti Giacomo, 4/6,5,154
Albergo,Carlton Hotel Baglioni,Via Senato,5,5,93
Albergo,Four Season Hotel Milan,Via Gesu',10,5,118
Albergo,Hotel Pierre Milano,Via De Amicis Edmondo,32,5,47
Albergo,Park Hyatt Milano,Via Grossi Tommaso,1,5,106
Albergo,The Gray,Via San Raffaele,6,5,21
Albergo,Town House Galleria,Via Santa Radegonda,14,5,18
Albergo,Hotel Lloyd,Cso Di Porta Romana,48,4,56
Albergo,Hotel Galileo,Cso Europa,9,4,89
Albergo,Hotel King,Cso Magenta,19,4,48
Albergo,Hotel Ambasciatori,Via Del Corso,3,4,87
Albergo,Jolly Hotel President,Lgo Augusto,10,4,242
Albergo,Grand Hotel Duomo,Pza Del Duomo,25,4,161
Albergo,Grand Hotel Plaza,Pza Diaz Armando,3,4,119
Albergo,Starhotels Rosa Grand,Pza Fontana,3,4,327
Albergo,Hotel Dei Cavalieri,Via Missori Giuseppe,1,4,167
Albergo,Hotel Brunelleschi,Via Baracchini Flavio,12,4,177
Albergo,Hotel Regina,Via Correnti Cesare,13,4,43
Albergo,Hotel De La Ville,Via Hoepli Ulrico,6,4,109
Albergo,Ascot,Via Lentasio,3,4,64
Albergo,Hotel Sir Edward,Via Mazzini Giuseppe,4,4,38
Albergo,Hotel Carrobio,Via Medici,3,4,56
Albergo,Hotel Mentana,Via Morigi,2,4,32
Albergo,Straf,Via San Raffaele,3,4,64
Albergo,Uptown Palace,Via Santa Sofia,10,4,158
Albergo,Manzoni,Via Santo Spirito,20,4,47
Albergo,Spadari Al Duomo,Via Spadari,11,4,40
Residence,Camperio House Hotel  E  Residence,Via Giulini Giorgio,6,4,10
Residence,Residence Di Corso Italia,Cso Italia,34,4,41
Residence,Residence Vip S,Via Pantano,8,4,38
Albergo,Vecchia Milano,Via Borromei,4,3,28
Albergo,Hotel Ariston,Lgo Carrobbio,2,3,52
Albergo,Hotel Zurigio,Cso Italia,11,3,39
Albergo,Rio,Via Mazzini Giuseppe,8,3,42
Albergo,Gran Duca Di York,Via Moneta,1,3,33
Albergo,Hotel Genius Down Town,Via Porlezza,4,3,36
Albergo,Hotel Gritti,Pza Santa Maria Beltrade,4,3,48
Albergo,Hotel Nuovo Biscione,Via Santa Maria Fulcorina,15,3,25
Albergo,Hotel Canada,Via Santa Sofia,16,3,35
Residence,Residence Cerva,Via Cerva,16,3,7
Albergo,Hotel Nuovo,Pza Beccaria Cesare,6,1,15
Albergo,Bulgari Hotels  E  Resorts Milano,Via F.Lli Gabba,7,5,59
Albergo,Grand Hotel Et De Milan,Via Manzoni Alessandro,31,5,95
Albergo,Grand Hotel Et De Milan,Via Manzoni Alessandro,29,5,102
Albergo,Hotel Palazzo Parigi,Cso Porta Nuova,1,5,79
Albergo,Carlyle Brera Hotel,Cso Garibaldi Giuseppe,84,4,98
Albergo,Hotel Bonaparte,Via Cusani,13,4,92
Albergo,Hotel Milano Scala,Via Dell' Orso,7,4,62
Albergo,Hotel Cavour,Via Fatebenefratelli,21,4,121
Albergo,Hotel Manin,Via Manin Daniele,7,4,119
Albergo,,Via San Tomaso,8,4,11
Albergo,Jolly Touring,Via Tarchetti Iginio Ugo,2,4,282
Residence,Residence Borgonuovo,Via Borgonuovo,1,4,16
Residence,Residence Principessa Clotilde,Cso Di Porta Nuova,52,4,216
Albergo,Hotel Centro,Via Broletto,46,3,54
Albergo,Hotel Star,Via Dei Bossi,5,3,30
Albergo,Hotel Ritter,Cso Garibaldi Giuseppe,68,3,89
Albergo,Hotel Giulio Cesare,Via Rovello,10,3,24
Albergo,Antica Locanda Solferino,Via Castelfidardo,2,2,11
Albergo,Hotel London,Via Rovello,3,2,29
Albergo,Style Hotel,Via Mercato,1,1,14
Residence,Residence Bocconi,Via Siracusa, 5/7,4,48
Albergo,Albergo Pavone,Via Dandolo Enrico,2,3,24
Albergo,Atena,Vle Piave,5,2,12
Albergo,Hotel Cinque Giornate,Pza Cinque Giornate,6,2,22
Albergo,Hotel Crivi S,Cso Di Porta Vigentina,46,4,64
Residence,Hotel Romana Residence,Cso Di Porta Romana,64,4,72
Residence,Petit Palais,Via Molino Delle Armi,1,4,17
Albergo,Idea Hotel Milano Corso Genova,Via Conca Del Naviglio,20,3,105
Albergo,Hotel Milano Navigli,Pza Sant' Eustorgio,2,3,22
Albergo,Hotel Ariosto,Via Ariosto Lodovico,22,4,48
Albergo,Antica Locanda Leonardo,Cso Magenta,78,3,16
Albergo,Palazzo Delle Stelline,Cso Magenta,61,3,105
Albergo,Hotel Sant Ambreus,Vle Papiniano,14,3,52
Albergo,Hotel Lancaster,Via Sangiorgio Abbondio,16,3,30
Albergo,Hotel Europeo,Via Canonica Luigi,38,3,45
Residence,Giusti 6,Via Giusti Giuseppe,6,3,72
Albergo,Duca Di Milano,Pza Della Repubblica,13,5,99
Albergo,Hotel Execelsior Gallia,Pza Duca D'Aosta,9,5,243
Albergo,Hotel Principe Di Savoia,Pza Della Repubblica,17,5,302
Albergo,The Westin Palace,Pza Della Repubblica,20,5,228
Albergo,Starhotels Anderson,Pza Luigi Di Savoia,20,4,106
Albergo,Hotel Marconi,Via Filzi Fabio,3,4,67
Albergo,Una Hotel Century,Via Filzi Fabio, 25/B,4,144
Albergo,Hotel Windsor,Via Galilei Galileo,2,4,103
Albergo,Hilton Milan,Via Galvani Luigi,12,4,320
Albergo,Hotel Madison,Via Gasparotto Leopoldo,8,4,97
Albergo,Nh Machiavelli,Via Lazzaretto,5,4,103
Albergo,Colombia,Via Lepetit Roberto,15,4,48
Albergo,Hotel Mediolanum,Via Macchi Mauro,1,4,52
Albergo,R.T.A. Le Gare,Via Macchi Mauro,49,4,22
Albergo,Hotel Baviera,Via Manuzio Aldo,9,4,52
Albergo,Auriga,Via Pirelli Giovanni Battista,7,4,52
Albergo,Andreola,Via Scarlatti Domenico,24,4,78
Albergo,Hotel Bristol,Via Scarlatti Domenico,32,4,68
Albergo,Hotel Michelangelo,Via Scarlatti Domenico,33,4,305
Albergo,Hotel Berna,Via Torriani Napo,18,4,122
Albergo,Hotel Atlantic,Via Torriani Napo,24,4,62
Albergo,Starhotels E.C.H.O.,Vle Doria Andrea,4,4,143
Residence,Residenza Delle Citta,Via Macchi Mauro,79,4,31
Albergo,Hotel Bolzano,Via Boscovich Ruggero,21,3,35
Albergo,Hotel Delle Nazioni,Via Cappellini Alfredo,18,3,81
Albergo,Hotel Club,Via Copernico Nicolo',18,3,53
Albergo,Mini Hotel Aosta,Pza Duca D'Aosta,16,3,63
Albergo,Nuovo Monopole,Via Filzi Fabio,43,3,71
Albergo,Albergo Sempione,Via Finocchiaro Aprile,11,3,49
Albergo,Hotel Ibis Milano Centro,Via Finocchiaro Aprile,2,3,439
Albergo,Florida,Via Lepetit Roberto,33,3,55
Albergo,Hotel New York,Via Pirelli Giovanni Battista,5,3,69
Albergo,Hotel Terminal,Via Ponte Seveso,38,3,47
Albergo,Hotel Soperga,Via Soperga,24,3,78
Albergo,Hotel Mythos,Via Tenca,21,3,52
Albergo,Hotel Albert,Via Tonale,2,3,62
Albergo,Hotel Demo,Via Tonale,14,3,28
Albergo,Dependance Hotel Berna,Via Torriani Napo,17,3,16
Albergo,Flora,Via Torriani Napo,23,3,50
Albergo,Hotel Augustus,Via Torriani Napo,29,3,56
Albergo,Hotel Bernina,Via Torriani Napo,27,3,44
Albergo,Hotel Canova,Via Torriani Napo,15,3,59
Albergo,Hotel Garda,Via Torriani Napo,21,3,56
Albergo,Hotel Mennini,Via Torriani Napo,14,3,62
Albergo,Idea Hotel Milano Centrale,Via Torriani Napo,28,3,71
albergo,Gonzaga,Via Vitruvio,43,3,28
Albergo,Hotel Amadeus,Via Vitruvio,48,3,83
Residence,Tencaresidence,Via Tenca Carlo,11,3,27
Albergo,Hotel Ada,Via Sammartini Giovanni Battista,15,2,18
Albergo,Hotel Casa Mia,Vle Vittorio Veneto,30,2,15
Albergo,Hotel Edolo,Via Edolo,18,2,11
Albergo,Hotel Esco,Via Antonio Da Recanate,2,2,10
Albergo,Hotel Ferton,Via San Gregorio,30,2,34
Albergo,Hotel Stazione,Via Pirelli Giovanni Battista,5,2,10
Albergo,Hotel Virgilio,Via Pl Da Palestrina,30,2,20
Albergo,Arno,Via Lazzaretto,17,1,10
Albergo,Pensione Eva,Via Lazzaretto,17,1,9
Albergo,Hotel Central Station,Via Sammartini Giovanni Battista,15,1,17
Albergo,Hotel Valley,Via Soperga,19,1,11
Albergo,Hotel Verona,Via Tenca Carlo,12,1,19
Albergo,Hotel Italia,Via Vitruvio,44,1,35
Albergo,Hotel Nazionale,Via Vitruvio,46,1,7
Albergo,Crowne Plaza Milan City,Via Gioia Melchiorre,73,4,99
Residence,Residence Pola,Via Pola,4,4,39
Albergo,Idea Hotel Milano Bicocca,Via Della Giustizia,10,4,145
Residence,Viserba Residence,Via Viserba,18,3,47
Albergo,Hotel Convertini,Via San Mamete,12,1,13
Albergo,Ramada Plaza Milano,Via Stamira D'Ancona,27,4,167
Albergo,Hotel Concorde,Vle Monza,132,4,120
Residence,Residence Atahotel Linea Uno,Vle Monza,139,4,89
Albergo,Hotel Agape,Via Flumendosa,35,3,43
Albergo,Hotel Nuovo Metro,Vle Monza,120,3,15
Residence,Residence Casei,Via Cavezzali Francesco,11,3,180
Residence,Residence Loreto,Via Rancati Ilarione,3,3,45
Albergo,Trento,Via Dal Pozzo Toscanelli Paolo,4,1,16
Albergo,Hotel Pasteur,Via Guinizelli Guido,22,3,93
Albergo,Loreto,Via Bambaia,4,2,14
Albergo,Hotel Siro,Via Venini Giulio E Corrado,59,1,10
Albergo,Nu Hotel,Via Feltre,19,4,38
albergo,Hotel Rafael,Via Olgettina,60,3,216
Albergo,Albergo Lombardia,Vle Lombardia,74,3,96
Residence,Pian Della Nave,Via Lambrate,9,3,67
Albergo,Hotel Catalani E Madrid,Via Catalani Alfredo,71,2,20
Albergo,Albergo La Pace,Via Catalani Alfredo,69,1,20
Albergo,Hotel Adelchi Lambrate,Via Ingegnoli Francesco,20,1,16
Albergo,Hotel Ca  Grande,Via Porpora Nicola Antonio,87,1,18
Albergo,Hotel Chopin,Via Porpora Nicola Antonio,143,1,10
Albergo,Chateau Monfort,Cso Concordia,1,5,77
Albergo,Hotel Napoleon,Via Ozanam Federico,12,4,40
Albergo,St. George Hotel,Vle Tunisia,9,4,50
Albergo,Town House 33,Via Goldoni Carlo,33,4,11
Albergo,Cristoforo Colombo,Cso Buenos Aires,3,4,116
Albergo,Grand Hotel Puccini,Cso Buenos Aires,33,4,65
Albergo,Hotel Galles,Pza Lima,2,4,198
Albergo,Albergo Felice Casati,Via Casati Felice,18,4,99
Albergo,Zefiro,Via Gallina Giacinto,12,4,54
Albergo,Hotel Town House 31,Via Goldoni Carlo,31,4,18
Albergo,Hotel Sanpi,Via Palazzi Lazzaro,18,4,79
Albergo,Hotel Del Corso,Via Pecchio Giuseppe,2,4,26
Albergo,Starhotels Ritz,Via Spallanzani Lazzaro,40,4,207
Albergo,Doria Grand Hotel,Vle Doria Andrea,22,4,124
Albergo,Hotel Sheraton Diana Majestic,Vle Piave,42,4,105
Residence,Residence Donatello,Via Donatello,12,4,10
Residence,Residence International,Via Modena Gustavo,4,4,37
Albergo,Hotel Aspromonte,Pza Aspromonte, 12/14,3,19
Albergo,Hotel Florence,Pza Aspromonte,22,3,29
Albergo,Hotel Roxy,Via Bixio Nino,6,3,36
Albergo,Hotel Bagliori,Via Boscovich Ruggero,43,3,14
Albergo,Hotel Serena,Via Boscovich Ruggero,59,3,51
Albergo,Albergo Fenice,Cso Buenos Aires,2,3,46
Albergo,Hotel Buenos Aires,Cso Buenos Aires,26,3,25
Albergo,Hotel City,Gll Buenos Aires,5,3,60
Albergo,Hotel Brianza,Via Castaldi Panfilo,16,3,25
Albergo,Hotel Ideale,Vle Dei Mille,60,3,22
Albergo,Royal,Via Goldoni Carlo,84,3,14
Albergo,Hotel San Francisco,Vle Lombardia,55,3,28
Albergo,Hotel Mercure Milano Centro Porta Venezi,Pza Oberdan Guglielmo,12,3,30
Albergo,Hotel Dore',Via Paganini Niccolo',7,3,18
Albergo,Hotel Demidoff,Via Plinio Caio Secondo,2,3,43
Albergo,Hotel Adler,Via Ricordi Giovanni,10,3,23
Albergo,Hotel Adler,Via Ricordi Giovanni,10,3,23
Albergo,Hotel Cristallo,Via Scarlatti Domenico,22,3,108
Albergo,Eurohotel,Via Sirtori Giuseppe,24,3,60
Albergo,Hotel Teco,Via Spallanzani Lazzaro,27,3,28
Albergo,Hotel Mazzini,Via Vitruvio,29,3,18
Residence,Domus,Vle Abruzzi,67,3,20
Albergo,Astrid,Via Lulli Giovanni,22,2,11
Albergo,Hotel 2000,Via Vitruvio,28,2,14
Albergo,Hotel Charly,Via Settala Lodovico,76,2,20
Albergo,Hotel Due Giardini,Via Marcello Benedetto,47,2,10
Albergo,Hotel Eden,Via Vitruvio,20,2,17
Albergo,Hotel Gran Sasso,Via Lippi Filippino,28,2,22
Albergo,Hotel Medea,Via Goldoni Carlo,84,2,10
Albergo,Hotel Mondial,Via Vitruvio,24,2,17
Albergo,Hotel Nizza,Via Porpora Nicola Antonio,18,2,11
Albergo,Hotel Piola,Via Pestalozza Alessandro,28,2,13
Albergo,Hotel Rallye,Via Marcello Benedetto,59,2,16
Albergo,Hotel Salerno,Via Vitruvio,18,2,19
Albergo,Hotel Siena,Via Castaldi Panfilo,17,2,15
Albergo,Hotel The Best,Via Marcello Benedetto,83,2,28
Albergo,Hotel Trentina,Via Lippi Filippino,50,2,10
Albergo,Sara,Via Sacchini Antonio Gaspare,17,2,18
Albergo,Hotel Tirreno,Pza Aspromonte,18,1,10
Albergo,Hotel Aurora,Cso Buenos Aires,18,1,16
Albergo,Hotel Porta Venezia,Via Castaldi Panfilo,26,1,12
Albergo,Hotel Aladin,Vle Dei Mille,48,1,10
Albergo,Pensione Capri,Vle Dei Mille,24,1,11
Albergo,Calipso,Via Gaffurio Franchino,1,1,19
Albergo,Merano,Via Lazzaretto,10,1,11
Albergo,Hotel Acapulco,Vle Lombardia,59,1,11
Albergo,Hotel Loris,Via Lulli Giovanni,11,1,22
Albergo,Hotel New Milano,Via Lulli Giovanni,18,1,9
Albergo,Hotel Viola,Via Lulli Giovanni,4,1,9
Albergo,Brasil,Via Modena Gustavo,20,1,17
Albergo,Hotel Paganini,Via Paganini Niccolo',6,1,8
Albergo,Ambrosiana,Via Plinio Caio Secondo,22,1,16
Albergo,Albergo Poerio,Via Poerio Carlo,32,1,13
Albergo,Paola,Via Porpora Nicola Antonio,16,1,10
Albergo,Pensione Oriente,Via Porpora Nicola Antonio,52,1,10
Albergo,Hotel Malta,Via Ricordi Giovanni,20,1,15
Albergo,Villa Mira,Via Sacchini Antonio Gaspare,19,1,10
Albergo,Hotel Da Xin,Via Settala Lodovico,56,1,7
Albergo,Albergo Del Sole,Via Spontini Gaspare,6,1,17
Albergo,Hotel Nettuno,Via Tadino Alessandro,27,1,22
Albergo,Hotel Kennedy,Vle Tunisia,6,1,13
Albergo,Hotel San Tomaso,Vle Tunisia,6,1,12
Albergo,Vallazze,Via Vallazze,14,1,13
Albergo,Hotel Dieci,Lgo Rio De Janeiro,12,4,29
Albergo,Hotel Lugano,Via Astolfo,6,3,21
Albergo,Hotel Vienna,Via Astolfo,5,3,23
Albergo,Sunset City,Via Colombo Giuseppe,14,3,10
Albergo,Oasi Village Hotel,Vle Lombardia,20,3,14
Albergo,Majorca,Via Pellizzone Andrea,12,3,34
Albergo,Hotel Citta  Studi,Via Saldini Cesare,24,3,45
Albergo,Hotel Gamma,Via Valvassori Peroni Carlo,85,3,58
Residence,Residence Bianca Croce,Via Paladini Ettore,7,3,63
Albergo,Albergo Iride,Via Porpora Nicola Antonio,170,2,11
Albergo,Hotel Ambra,Via Caccianino Antonio,10,1,8
Albergo,Leonardo Da Vinci,Pza Leonardo Da Vinci,10,1,13
Albergo,Hotela Alba,Via Porpora Nicola Antonio,132,1,7
Albergo,Hotel Galla,Via Teodosio,37,1,8
Albergo,Hotel Montecarlo,Via Vallazze,39,1,19
Albergo,Albergo Susa,Vle Argonne,14,3,19
Albergo,Hotel Rossovino,Via Bartolozzi Francesco,9,1,7
Albergo,San Giovanni,Via Reina Francesco,18,1,11
Albergo,Hotel Vittoria,Via Calvi Pietro,32,4,40
Albergo,Hotel Perugino,Via Perugino,12,3,32
Residence,Residencemignoncase Tre,Via Melloni Macedonio,17,3,16
Albergo,Arco,Pza Santa Maria Del Suffragio,3,2,17
Albergo,Hotel Castelletto,Via Archimede,79,2,14
Albergo,Hotel Dateo,Vle Piceno,33,2,17
Albergo,Hotel De Albertis,Via De Albertis Sebastiano,7,2,11
Albergo,Hotel Delizia,Via Archimede, 86/88,2,14
Albergo,Hotel Dover,Via Sottocorno Pasquale,8,2,13
Albergo,La Caravella,Via Hajech Camillo,18,2,11
Albergo,Xxii Marzo,Pza Santa Maria Del Suffragio,3,2,15
Albergo,Pensione Lanterna,Via Archimede,121,1,7
Albergo,Hotel America,Cso Ventidue Marzo,32,1,9
Albergo,Hotel El Diablo,Cso Ventidue Marzo,43,1,9
Albergo,Una Hotel Mediterraneo,Via Muratori Lodovico,14,4,93
Albergo,Hotel Di Porta Romana,Via Papi Lazzaro,18,3,36
Residence,Residence L M5,Via Muratori Lodovico,5,3,24
Residence,Residence Sigieri,Via Sigieri Goffredo,3,3,19
Albergo,Mec Hotel,Via Tito Livio,4,3,40
Albergo,Hotel Molise2,Via Cadibona,2,3,30
Albergo,Novotel Milano Linate Aeroporto,Via Mecenate,121,4,208
Residence,Residence Futura,Via Montessori Maria,14,4,56
Albergo,Starhotels Business Palace,Via Gaggia Pietro,3,4,259
Residence,Corvetto Residence Porto Di Mare,Via Osimo Augusto,10,4,64
Albergo,Hotel Mistral,Via Toffetti Vincenzo,4,3,26
Albergo,Hotel Brenta Milano,Vle Brenta,33,2,12
Albergo,Hotel Corvetto,Ple Corvetto Luigi Emanuele,5,1,15
Albergo,Hotel Del Sud,Cso Lodi,74,1,27
Albergo,Hotel D Este,Vle Bligny,23,4,84
Albergo,Hotel Liberty,Vle Bligny,56,4,58
Albergo,"Hotel ""La Vignetta""",Via Custodi Pietro,2,1,31
Albergo,Grand Visconti Palace,Vle Isonzo,14,4,172
Albergo,Hotel Mayor,Vle Isonzo,2,4,60
Albergo,Hotel Five,Cso Lodi,4,3,21
Albergo,Hotel Piacenza,Via Piacenza,4,3,24
Albergo,Hotel Arco Romana,Vle Sabotino,16,2,14
Albergo,Albergo Palladio,Via Palladio Andrea,8,1,48
Albergo,Hotel Rex,Via Marco D'Agrate,35,3,52
Albergo,Hotel Alessander,Via Cortina D'Ampezzo,17,2,13
Residence,,Via Brembo,27,2,55
Albergo,Mihotel,Via Dei Fontanili,26,4,57
Albergo,Apollo,Via Ripamonti Giuseppe,102,2,18
Albergo,Hotel Garden,Via Rutilia,6,2,23
Albergo,Hotel Liguria,Via Ripamonti Giuseppe,134,2,28
Albergo,Atahotel Quark,Via Lampedusa,11,4,328
Residence,Quark Due,Via Lampedusa, 11/A,4,106
Albergo,Hotel Giardino,Via Dei Missaglia,14,3,19
Albergo,Hotel Autosole 2,Via Palmieri Nicola,64,3,23
Albergo,Hotel Dei Fiori,Via Renzo E Lucia,14,3,53
Albergo,Mini Hotel La Spezia,Via Spezia,25,4,76
Residence,Residenza Chiaralba,Via Pomponazzi Pietro,3,3,7
Albergo,Albergo Marte,Via Sforza Ascanio,81,2,15
Albergo,Hotel Mercurio,Via Sforza Ascanio,73,2,15
Albergo,Hotel Alga,Via Del Mare,93,3,87
Albergo,Hotel Maison Borella,Alz Naviglio Grande,8,4,14
Albergo,Art Hotel Navigli,Via Fumagalli Angelo Carlo,4,4,103
Albergo,Hotel Minerva,Cso Colombo Cristoforo,15,3,44
Residence,La Darsena,Via Vigevano,13,3,75
Albergo,Idea Hotel Milano Watttredici,Via Watt Giacomo,13,4,87
Residence,Green House Residence,Vle Famagosta,48,4,54
Albergo,Green House,Vle Famagosta,50,3,45
Albergo,Hotel C� Bianca Corte Del Naviglio,Via Lodovico Il Moro,117,4,51
Residence,Residence Giambellino Di Laura Fiamberti,Via Giambellino,9,2,9
Albergo,Mercure Hotel,Via Orseolo Pietro,1,4,59
Albergo,Hotel Nhow,Via Tortona,35,4,244
Albergo,Hotel Des Etranger S,Via Sirte,9,3,94
Albergo,Idea Hotel Milano Lorenteggio,Via Lorenteggio,278,4,128
Albergo,Hotel Capitol Millennium,Via Cimarosa Domenico,6,4,66
Albergo,Hotel Washington,Via Washington Giorgio,23,4,34
Albergo,Marriot Hotel,Via Washington Giorgio,66,4,323
Residence,Studio Inn Art Milano De Ageli,Via Dei Gracchi,30,4,12
Residence,R.T.A. Atahotel De Angeli,Via Trivulzio Antonio Tolomeo,8,4,68
Albergo,Hotel Panizza,Via Panizza Bartolomeo,5,3,16
Albergo,Hotel Piemonte,Via Settimo Ruggiero,1,3,17
Albergo,Hotel Metro,Cso Vercelli,61,3,40
Residence,Residence Cimarosa,Via Cimarosa Domenico,19,3,23
Albergo,My Hotel Milano,Via Trieste,15,2,10
Albergo,Amalfi,Via Quarnero,4,1,11
Albergo,Ferrari,Cso Vercelli,55,1,14
Albergo,Hotel Calais,Via Washington Giorgio,26,1,12
Albergo,Villa Giovanna,Via Washington Giorgio,42,1,12
Albergo,Hotel Rubens,Via Rubens Pietro,21,4,87
Residence,Residence Desenzano,Via Desenzano,12,3,60
Albergo,Hotel Edy,Via Delle Forze Armate,8,1,12
Albergo,Hotel Emmy,Via Fra' Galgario,4,1,10
Albergo,Hotel Gambara,Via Fra' Galgario,4,1,12
Albergo,Astoria,Vle Murillo S.B.,9,4,72
Residence,Residence Osoppo,Via Frassinetti Romeo,2,4,25
Albergo,Hotel Wagner,Via Buonarroti Michelangelo,13,4,49
Albergo,Hotel Domenichino,Via Domenichino,41,3,73
Albergo,Hotel Nuovo Marghera,Via Marghera,2,3,50
Residence,Residence Colonna,Via Colonna Vittoria,48,3,13
Residence,Residence Portello,Via Ghiberti Lorenzo,1,3,16
Albergo,Le Quercie,Via Jacopo Della Quercia,6,2,14
Albergo,Murillo,Vle Murillo S.B.,22,2,25
Albergo,Pensione Fiorella,Via Marghera,14,2,20
Albergo,Gianni,Via Carcano Filippo,47,1,8
Albergo,Hotel   Leonardo,Via Carcano Filippo,37,1,12
Albergo,Hotel Amendola Fiera,Via Carcano Filippo,39,1,11
Albergo,Hotel San Siro Fiera,Via Novara,371,2,18
Albergo,Hotel Silver,Via Lombardi Riccardo,11,4,75
Albergo,Idea Hotel Milano San Siro,Via Airaghi Gaetano,125,4,234
Albergo,Melia  Milano,Via Masaccio,19,5,288
Albergo,Montebianco,Via Monte Rosa,90,4,44
Albergo,Mini Hotel Portello,Via Silva Guglielmo,12,4,96
Albergo,Hotel Campion,Vle Berengario,3,3,27
Albergo,Hotel Lido,Via Galli Riccardo,8,3,27
Albergo,Hotel Oro Blu,Ple Lotto Lorenzo,14,3,27
Residence,Residence Le Corti,Pza Buonarroti Michelangelo,31,2,23
Albergo,Hotel Fiera Congressi,Via Spinola Ambrogio,9,3,29
Albergo,Hotel Bonola,Via Torrazza,15,2,15
Residence,,Via Ippodromo,8,2,116
Albergo,Hotel Nasco,Cso Sempione,69,4,83
Albergo,Enterprise Hotel,Cso Sempione,91,4,113
Albergo,Hotel Admiral,Via Domodossola,16,4,60
Albergo,Mini Hotel Tiziano,Via Tiziano Vecellio,6,4,54
Albergo,Hotel Scala Nord,Via Ferrucci Francesco,10,3,71
Albergo,Hotel Johnny,Via Prati Giovanni,6,3,31
Albergo,Town House 12,Via Gerusalemme,12,4,15
Albergo,Hotel Mozart,Via Gerusalemme,6,4,119
Albergo,Una Hotel Scandinavia,Via Fauche' Giovanni Battista,15,4,153
Albergo,Hotel Hermitage,Via Messina,10,4,131
Albergo,Hotel Poliziano Fiera,Via Poliziano,11,4,100
Albergo,Hotel San Guido,Via Farini Carlo, 1/A,3,31
Albergo,Hotel Losanna,Via Piero Della Francesca,39,3,24
Albergo,Piccolo Hotel,Via Piero Della Francesca,60,3,31
Albergo,Hotel Parma,Via Piero Della Francesca,48,2,25
Albergo,Locanda Gelsomina,Via Piero Della Francesca, 4/7,2,10
Albergo,Hotel Mignon,Via Saronno,5,1,15
Albergo,Hotel Regency,Via Arimondi Giuseppe,12,4,71
Albergo,Hotel Bogart 2,Via Aosta,2,3,15
Albergo,Hotel Certosa,Vle Certosa,26,3,25
Albergo,Hotel Corallo,Via Cesena,20,3,35
Albergo,Hotel Berlino,Via Plana Giovanni Antonio,33,3,47
Albergo,Hotel Mac Mahon,Via Mac Mahon, 45/A,2,24
Albergo,Mac Mahon,Via Mac Mahon,45,2,24
Albergo,Mary Hotel Fiera,Via Principe Eugenio,45,2,10
Residence,Hotel Residence Cenisio,Via Calvino,21,2,42
Albergo,Hotel Mirage,Via Casella Giovanni Battista,61,4,86
Albergo,Double Tree By Hilton Milan,Via Ludovico Di Breme,77,4,240
Albergo,Milan Suite Hotel,Via Varesina,124,4,40
Albergo,Radisson Blu Hotel Milan,Via Villapizzone,24,4,250
Albergo,Hotel Raffaello,Vle Certosa,108,4,126
Albergo,Hotel Accademia,Vle Certosa,68,4,66
Albergo,Albergo Accursio,Vle Certosa,88,3,27
Albergo,Hotel Bel Sit,Via Gallarate,2,2,17
Residence,Residence 2Gi,Via Ajraghi Cesare,30,2,17
Albergo,Sorrento,Vle Espinasse Carlo,22,1,10
Albergo,Hotel Arizona,Via Bressanone, 4/A,4,80
Albergo,The Hub,Via Polonia,10,4,162
Albergo,,Via Stephenson,55,4,256
Albergo,,Via Venezia Giulia,9,4,115
Albergo,Atahotel Executive,Vle Sturzo Don Luigi,45,4,420
Albergo,Hotel Four Points Sheraton Milan Centre,Via Cardano Gerolamo,1,4,254
Albergo,Una Hotel Tocq,Via Di Tocqueville Alessio,7,4,109
Albergo,Grand Hotel Verdi,Via Gioia Melchiorre,6,4,99
Albergo,Hotel Ac Milano,Via Tazzoli Enrico,2,4,160
Albergo,Hotel Hua Xia Milano,Via Tazzoli Enrico,7,4,23
Albergo,Maison Moschino,Vle Monte Grappa,12,4,65
Residence,Residence Atahotel The Big,Via De Cristoforis Carlo,6,4,125
Albergo,Hotel Cervo,Ple Principessa Clotilde,10,3,57
Albergo,Hotel Trieste,Via Marco Polo,13,2,27
Residence,Residence Bonnet,Via Bonnet Nino,6,2,19
Residence,Class,Via Cornalia Emilio,7,2,26
Albergo,Holiday Inn Milan Garibaldi Station,Via Bassi Ugo,1,4,134
Residence,Casa Albergo Residence Zara Lagosta,Vle Zara,1,4,32
Residence,Mirage Tre,Via Lepontina,8,3,60
Residence,R.T.A. Cola Montano,Via Cola Montano,29,2,21
Albergo,Albergo Lario,Via Lario,40,1,7
Residence,Contessa Jolanda- Attivit� Promiscua 133 Appartamenti (266 Posti Letto) E 9 Camere Albergo Per 18 Posti Letto Per Un Totale Di 284 Posti Letto,Via Murat Gioacchino,21,4,133
Albergo,Hotel Gala,Vle Zara,89,3,22
Albergo,Hotel Greco,Via Ugolini,21,2,8
Albergo,Novotel Milano Nord,Vle Suzzani Giovanni,13,4,172
Residence,Residence Hotel Siloe,Via Cesari Antonio,19,4,83
Albergo,Centro Alberghiero Ornato,Via Ornato Luigi,64,3,144
Albergo,Hotel Ibis Milano Ca  Granda,Vle Suzzani Giovanni, 13/15,3,131
Albergo,Albergo Sicilia,Via Benefattori Dell'Ospedale,24,1,10
Albergo,Starhotels Tourist,Vle Testi Fulvio,300,4,140
Albergo,Sunflower Hotel,Ple Lugano,10,4,75
Albergo,Hotel Valganna,Via Vare' Giovanni Battista,32,3,36
Albergo,Hotel Bovisa,Via Broglio Emilio,28,2,7
Albergo,Hotel Ares,Via Porro Edoardo,8,3,13
Albergo,Hotel Milton Milano,Via Butti Enrico,9,4,110
Albergo,Hotel Brivio,Via Brivio Cesare,33,2,12
Residence,Acca Palace,Via Nicotera Giovanni,9,4,41
Albergo,Hotel La Residenza,Via Scialoia Vittorio,3,3,60
Albergo,Hotel Salus,Via Rossi Pellegrino,59,1,21
Albergo,Leonardo Da Vinci,Via Senigallia,6,4,298
Residence,Il Leonardo Da Vinci,Via Senigallia,6,4,423
